_id,Id,Name,Total Docks,Latitude,Longitude
1,1,Pierce St & Summerlea St,19,40.456598,-79.932147
2,2,Eliza Furnace Trail & Swineburne St,15,40.42583,-79.953476
3,3,Centre Ave & Addison St,15,40.4445,-79.978292
4,4,Burns White Center at 3 Crossings,15,40.456379,-79.980205
5,5,Allegheny Station,19,40.448301,-80.018007
6,6,10th St & Penn Ave,15,40.444603,-79.995819
7,7,Liberty Ave & Gross St,15,40.459707,-79.945209
8,8,Glasshouse,15,40.432913,-80.003054
9,9,South Side Trail & S 4th St,15,40.431336,-79.995106
10,10,Zulema St & Coltart Ave,19,40.436055,-79.95696
11,11,Ellsworth Ave & N Neville St,15,40.448203,-79.947507
12,12,O'Hara St & University Place,23,40.445117,-79.957118
13,13,S Bouquet Ave & Sennott St,23,40.441638,-79.955764
14,14,Tioga St & N Homewood Ave,15,40.4542263889049,-79.8975444133529
15,15,Ivy St & Walnut St,19,40.451789,-79.932291
16,16,Penn Ave & Putnam St (Bakery Square),19,40.455876,-79.91532
17,17,Taylor St & Liberty Ave,15,40.462778,-79.950868
18,18,21st St & Penn Ave,19,40.451747,-79.983278
19,19,42nd St & Butler St,15,40.470239,-79.960409
20,20,Boulevard of the Allies & Parkview Ave,23,40.4344,-79.9519
21,21,Liberty Ave & Stanwix St,15,40.441316,-80.004793
22,22,Forbes Ave & Market Square,19,40.44092,-80.003426
23,23,North Shore Trail & Fort Duquesne Bridge,23,40.445751,-80.009073
24,24,Penn Ave & 33rd St,11,40.461939,-79.968189
25,25,Penn Ave & S Whitfield St,15,40.461604,-79.925619
26,26,S 27th St & Sidney St. (Southside Works),23,40.428067,-79.965886
27,27,W Commons & Children's Way,15,40.451585,-80.007373
28,28,Fifth Ave & S Bouquet St,23,40.442248,-79.957653
29,29,Filmore St & S Bellefield Ave,27,40.445145301354,-79.9510833862304
30,30,Shady Ave & Ellsworth Ave,15,40.459404,-79.921757
31,31,First Ave & B St,15,40.435829,-79.996952
32,32,Ross St & Fourth Ave,15,40.437794,-79.996417
33,33,Schenley Dr & Schenley Dr Ext,19,40.442435,-79.951498
34,34,N Dithridge St & Centre Ave,18,40.451095,-79.953051
35,35,Butler St & 36th St,15,40.4651438031098,-79.9654132833976
36,36,S Pacific Ave & Penn Ave,15,40.4641041217729,-79.9400555681228
37,37,S Negley Ave & Centre Ave,15,40.457633,-79.934357
38,38,Allequippa St & Darragh St,23,40.443593,-79.965497
39,39,S 12th St & E Carson St,19,40.4285997029226,-79.9863711512901
40,40,Penn Ave & 7th St,19,40.443362,-79.999971
41,41,S 22nd St & Sidney St,19,40.429061,-79.974511
42,42,Second Ave & Tecumseh St,19,40.408899,-79.943682
43,43,Eliza St & Lytle St,15,40.413491,-79.948282
44,44,Hamilton Ave & Fifth Ave,15,40.457512,-79.909847
45,45,N Braddock Ave & Hamilton Ave,15,40.452988,-79.891233
46,46,Bennett St & N Homewood Ave,15,40.4566220240671,-79.8975031968811
47,47,17th St & Penn Ave,19,40.4496263051758,-79.9859178579666
48,48,Centre Ave & S Millvale Ave,19,40.4532053896157,-79.9478322763482
49,49,Technology Dr & Bates St,23,40.430455,-79.960123
50,50,Atwood St & Bates St,19,40.438026,-79.953765
51,51,Coltart Ave & Forbes Ave,19,40.438988,-79.960229
52,52,Bedford Ave & Memory Ln,19,40.448365,-79.97823
53,53,Centre Ave & Heldman St,19,40.442833,-79.981646
54,54,W Ohio St & Brighton Rd,19,40.452513,-80.01379
55,55,Brighton Rd & Pennsylvania Ave,19,40.456356,-80.015368
56,56,Rosetta St & N Aiken Ave,15,40.466997,-79.935242
57,57,52nd St & Butler St,19,40.480274,-79.954344
58,58,W North Ave & Federal St,19,40.455277,-80.006981
59,59,Forbes Ave at TCS Hall (CMU Campus),19,40.444784,-79.947571
60,60,Wilkinsburg Park & Ride,19,40.446951,-79.888593
